name,age,gender,id
281786_02M20.JPG,20,0,8776
293625_02F23.JPG,23,1,9352
132716_0M31.JPG,31,0,4316
137104_0M43.JPG,43,0,4506
133440_1M33.JPG,33,0,4356
235787_09M24.JPG,24,0,7082
253528_00M20.JPG,20,0,7723
152480_05F41.JPG,41,1,4873
279667_01M20.JPG,20,0,8680
330348_00M23.JPG,23,0,12313
307112_03M20.JPG,20,0,10102
300581_02M19.JPG,19,0,9757
134577_04F34.JPG,34,1,4410
331428_03M23.JPG,23,0,12405
324670_02F17.JPG,17,1,11705
066096_8M47.JPG,47,0,1367
134085_03M40.JPG,40,0,4388
165775_06M48.JPG,48,0,5130
